{
  "patches": {
    "lastStand": {
      "name": "Last Stand Protocol",
      "description": "Upon fatal damage, enter a berserk state with 300% damage boost until wave ends",
      "type": "deathTrigger",
      "rarity": "epic",
      "unlockRequirement": {
        "points": 15000,
        "gems": 25
      },
      "effects": {
        "damageMultiplier": 4.0,
        "duration": "waveEnd",
        "immuneToDamage": true,
        "energyCost": 0
      },
      "visual": {
        "activationEffect": "lastStandSurge",
        "particleEffect": "rageMist",
        "soundEffect": "berserkerRoar",
        "color": "#ff3838",
        "opacity": 0.8
      },
      "upgrades": {
        "damageMultiplier": {
          "levels": [
            {
              "requirement": {
                "points": 10000,
                "gems": 10
              },
              "value": 5.0,
              "description": "Increased rage damage"
            },
            {
              "requirement": {
                "points": 20000,
                "gems": 20
              },
              "value": 6.0,
              "description": "Maximum rage damage"
            }
          ]
        },
        "healthThreshold": {
          "levels": [
            {
              "requirement": {
                "points": 8000,
                "gems": 8
              },
              "value": 0.2,
              "description": "Trigger at 20% health"
            }
          ]
        }
      }
    },

    "emergencyReboot": {
      "name": "Emergency Reboot",
      "description": "Restore 10% health and gain 200% fire rate for 10 seconds when fatally damaged",
      "type": "deathTrigger",
      "rarity": "rare",
      "unlockRequirement": {
        "points": 8000,
        "gems": 15
      },
      "effects": {
        "healthRestore": 0.1,
        "fireRateMultiplier": 3.0,
        "duration": 10,
        "cooldown": 60
      },
      "visual": {
        "activationEffect": "systemReboot",
        "particleEffect": "emergencyPower",
        "soundEffect": "rebootChime",
        "color": "#00ff88",
        "opacity": 0.6
      },
      "upgrades": {
        "healthRestore": {
          "levels": [
            {
              "requirement": {
                "points": 5000,
                "gems": 5
              },
              "value": 0.15
            },
            {
              "requirement": {
                "points": 10000,
                "gems": 10
              },
              "value": 0.2,
              "description": "Enhanced health restore"
            }
          ]
        },
        "fireRateMultiplier": {
          "levels": [
            {
              "requirement": {
                "points": 6000,
                "gems": 8
              },
              "value": 3.5
            },
            {
              "requirement": {
                "points": 12000,
                "gems": 15
              },
              "value": 4.0,
              "description": "Maximum fire rate boost"
            }
          ]
        },
        "duration": {
          "levels": [
            {
              "requirement": {
                "points": 7000,
                "gems": 12
              },
              "value": 15,
              "description": "Extended reboot duration"
            }
          ]
        }
      }
    }

    "overclockedSystems": {
      "name": "Overclocked Systems",
      "description": "Permanent 25% boost to fire rate, but take 10% more damage",
      "type": "passive",
      "rarity": "rare",
      "unlockRequirement": {
        "points": 6000,
        "gems": 10
      },
      "effects": {
        "fireRateMultiplier": 1.25,
        "damageVulnerability": 1.1,
        "duration": "permanent",
        "heatGeneration": 1
      },
      "visual": {
        "activationEffect": "systemOverclock",
        "particleEffect": "overclockedSteam",
        "soundEffect": "engineWhine",
        "color": "#ff9100",
        "opacity": 0.5
      },
      "upgrades": {
        "fireRateMultiplier": {
          "levels": [
            {
              "requirement": {
                "points": 4000,
                "gems": 5
              },
              "value": 1.35
            },
            {
              "requirement": {
                "points": 8000,
                "gems": 12
              },
              "value": 1.5,
              "description": "Maximum overclock"
            }
          ]
        },
        "heatManagement": {
          "levels": [
            {
              "requirement": {
                "points": 5000,
                "gems": 8
              },
              "value": 0.8,
              "description": "Reduced vulnerability"
            }
          ]
        }
      }
    },

    "shieldLink": {
      "name": "Shield Link",
      "description": "20% of damage taken is converted to shield energy",
      "type": "passive",
      "rarity": "epic",
      "unlockRequirement": {
        "points": 12000,
        "gems": 20
      },
      "effects": {
        "damageConversion": 0.2,
        "shieldRegeneration": true,
        "duration": "permanent",
        "linkEfficiency": 1.0
      },
      "visual": {
        "activationEffect": "shieldSync",
        "particleEffect": "energyConversion",
        "soundEffect": "shieldPulse",
        "color": "#00ffff",
        "opacity": 0.6
      },
      "upgrades": {
        "damageConversion": {
          "levels": [
            {
              "requirement": {
                "points": 8000,
                "gems": 10
              },
              "value": 0.3
            },
            {
              "requirement": {
                "points": 16000,
                "gems": 20
              },
              "value": 0.4,
              "description": "Maximum conversion"
            }
          ]
        },
        "linkEfficiency": {
          "levels": [
            {
              "requirement": {
                "points": 10000,
                "gems": 15
              },
              "value": 1.25,
              "description": "Enhanced energy transfer"
            }
          ]
        }
      }
    },

    "criticalStrike": {
      "name": "Critical Strike Protocol",
      "description": "15% chance for attacks to deal double damage",
      "type": "passive",
      "rarity": "rare",
      "unlockRequirement": {
        "points": 7000,
        "gems": 12
      },
      "effects": {
        "criticalChance": 0.15,
        "criticalMultiplier": 2.0,
        "duration": "permanent"
      },
      "visual": {
        "activationEffect": "criticalFlash",
        "particleEffect": "criticalSpark",
        "soundEffect": "criticalHit",
        "color": "#ff0055",
        "opacity": 0.7
      },
      "upgrades": {
        "criticalChance": {
          "levels": [
            {
              "requirement": {
                "points": 5000,
                "gems": 8
              },
              "value": 0.20
            },
            {
              "requirement": {
                "points": 10000,
                "gems": 15
              },
              "value": 0.25,
              "description": "Maximum critical chance"
            }
          ]
        },
        "criticalMultiplier": {
          "levels": [
            {
              "requirement": {
                "points": 6000,
                "gems": 10
              },
              "value": 2.5
            },
            {
              "requirement": {
                "points": 12000,
                "gems": 20
              },
              "value": 3.0,
              "description": "Maximum critical damage"
            }
          ]
        }
      }
    },

    "timeWarp": {
      "name": "Time Warp Module",
      "description": "When health drops below 20%, slow time for 5 seconds",
      "type": "healthTrigger",
      "rarity": "legendary",
      "unlockRequirement": {
        "gems": 40
      },
      "effects": {
        "timeScale": 0.5,
        "duration": 5,
        "healthThreshold": 0.2,
        "cooldown": 60
      },
      "visual": {
        "activationEffect": "timeDistortion",
        "particleEffect": "chronoField",
        "soundEffect": "timeWarp",
        "color": "#b200ff",
        "opacity": 0.5
      },
      "upgrades": {
        "timeScale": {
          "levels": [
            {
              "requirement": {
                "points": 10000,
                "gems": 15
              },
              "value": 0.3
            },
            {
              "requirement": {
                "points": 20000,
                "gems": 30
              },
              "value": 0.2,
              "description": "Maximum time dilation"
            }
          ]
        },
        "duration": {
          "levels": [
            {
              "requirement": {
                "points": 15000,
                "gems": 20
              },
              "value": 7
            },
            {
              "requirement": {
                "points": 30000,
                "gems": 40
              },
              "value": 10,
              "description": "Extended time warp"
            }
          ]
        }
      }
    }

    "vengeanceProtocol": {
      "name": "Vengeance Protocol",
      "description": "Gain 10% damage for each 10% health lost",
      "type": "passive",
      "rarity": "epic",
      "unlockRequirement": {
        "points": 10000,
        "gems": 18
      },
      "effects": {
        "damagePerHealthLost": 0.1,
        "maxBonus": 1.0,
        "duration": "permanent",
        "updateRate": 0.1
      },
      "visual": {
        "activationEffect": "vengeanceAwaken",
        "particleEffect": "ragePulse",
        "soundEffect": "angerBuild",
        "color": "#ff4d4d",
        "opacity": 0.6
      },
      "upgrades": {
        "damagePerHealthLost": {
          "levels": [
            {
              "requirement": {
                "points": 8000,
                "gems": 12
              },
              "value": 0.15
            },
            {
              "requirement": {
                "points": 16000,
                "gems": 25
              },
              "value": 0.2,
              "description": "Maximum vengeance scaling"
            }
          ]
        },
        "maxBonus": {
          "levels": [
            {
              "requirement": {
                "points": 12000,
                "gems": 20
              },
              "value": 1.5
            },
            {
              "requirement": {
                "points": 24000,
                "gems": 35
              },
              "value": 2.0,
              "description": "Ultimate vengeance"
            }
          ]
        }
      }
    },

    "multiCore": {
      "name": "Multi-Core Processing",
      "description": "Every third shot fires an additional projectile",
      "type": "passive",
      "rarity": "rare",
      "unlockRequirement": {
        "points": 8000,
        "gems": 15
      },
      "effects": {
        "shotInterval": 3,
        "extraProjectiles": 1,
        "duration": "permanent",
        "energyCost": 1.2
      },
      "visual": {
        "activationEffect": "coreSync",
        "particleEffect": "processorGlow",
        "soundEffect": "coreCharge",
        "color": "#00ffcc",
        "opacity": 0.5
      },
      "upgrades": {
        "shotInterval": {
          "levels": [
            {
              "requirement": {
                "points": 6000,
                "gems": 10
              },
              "value": 2,
              "description": "Every second shot"
            }
          ]
        },
        "extraProjectiles": {
          "levels": [
            {
              "requirement": {
                "points": 10000,
                "gems": 18
              },
              "value": 2
            },
            {
              "requirement": {
                "points": 20000,
                "gems": 35
              },
              "value": 3,
              "description": "Maximum extra projectiles"
            }
          ]
        }
      }
    },

    "adaptiveArmor": {
      "name": "Adaptive Armor",
      "description": "Gain 5% resistance to damage types that hit you, up to 50%",
      "type": "passive",
      "rarity": "legendary",
      "unlockRequirement": {
        "gems": 35
      },
      "effects": {
        "resistancePerHit": 0.05,
        "maxResistance": 0.5,
        "duration": "permanent",
        "decayRate": 0.01
      },
      "visual": {
        "activationEffect": "armorShift",
        "particleEffect": "adaptiveLayer",
        "soundEffect": "armorReconfigure",
        "color": "#4d4dff",
        "opacity": 0.7
      },
      "upgrades": {
        "resistancePerHit": {
          "levels": [
            {
              "requirement": {
                "points": 15000,
                "gems": 20
              },
              "value": 0.07
            },
            {
              "requirement": {
                "points": 30000,
                "gems": 40
              },
              "value": 0.1,
              "description": "Enhanced adaptation"
            }
          ]
        },
        "maxResistance": {
          "levels": [
            {
              "requirement": {
                "points": 20000,
                "gems": 30
              },
              "value": 0.75
            },
            {
              "requirement": {
                "points": 40000,
                "gems": 60
              },
              "value": 0.9,
              "description": "Maximum resistance"
            }
          ]
        }
      }
    },

    "energyCascade": {
      "name": "Energy Cascade",
      "description": "Destroyed enemies have a 20% chance to trigger a chain reaction",
      "type": "passive",
      "rarity": "epic",
      "unlockRequirement": {
        "points": 12000,
        "gems": 25
      },
      "effects": {
        "triggerChance": 0.2,
        "cascadeDamage": 50,
        "chainRange": 150,
        "maxChains": 3
      },
      "visual": {
        "activationEffect": "cascadeStart",
        "particleEffect": "energyChain",
        "soundEffect": "cascadeBlast",
        "color": "#ffcc00",
        "opacity": 0.6
      },
      "upgrades": {
        "triggerChance": {
          "levels": [
            {
              "requirement": {
                "points": 10000,
                "gems": 15
              },
              "value": 0.3
            },
            {
              "requirement": {
                "points": 20000,
                "gems": 30
              },
              "value": 0.4,
              "description": "Maximum trigger chance"
            }
          ]
        },
        "maxChains": {
          "levels": [
            {
              "requirement": {
                "points": 15000,
                "gems": 25
              },
              "value": 5
            },
            {
              "requirement": {
                "points": 30000,
                "gems": 50
              },
              "value": 7,
              "description": "Maximum chain reactions"
            }
          ]
        }
      }
    },

    "quantumUncertainty": {
      "name": "Quantum Uncertainty",
      "description": "Random powerful effects trigger every 30 seconds",
      "type": "passive",
      "rarity": "mythic",
      "premium": true,
      "unlockRequirement": {
        "gems": 100
      },
      "effects": {
        "triggerInterval": 30,
        "effectDuration": 5,
        "effectPower": 1.0,
        "effectCount": 1
      },
      "visual": {
        "activationEffect": "quantumFlux",
        "particleEffect": "probabilityWave",
        "soundEffect": "realityShift",
        "color": "#ff00ff",
        "opacity": 0.8
      },
      "upgrades": {
        "triggerInterval": {
          "levels": [
            {
              "requirement": {
                "points": 25000,
                "gems": 40
              },
              "value": 20
            },
            {
              "requirement": {
                "points": 50000,
                "gems": 80
              },
              "value": 15,
              "description": "Minimum interval"
            }
          ]
        },
        "effectCount": {
          "levels": [
            {
              "requirement": {
                "points": 30000,
                "gems": 50
              },
              "value": 2
            },
            {
              "requirement": {
                "points": 60000,
                "gems": 100
              },
              "value": 3,
              "description": "Maximum simultaneous effects"
            }
          ]
        }
      }
    }
  }
}

