{
  "shields": {
    "basicBarrier": {
      "name": "Basic Energy Barrier",
      "description": "Standard energy shield that blocks incoming enemies",
      "type": "static",
      "behavior": "block",
      "rarity": "common",
      "unlockRequirement": {
        "points": 0,
        "gems": null
      },
      "baseStats": {
        "health": 100,
        "duration": 10,
        "radius": 150,
        "regenerationRate": 0,
        "cooldown": 15,
        "deployTime": 0.5
      },
      "visual": {
        "deployEffect": "energyRipple",
        "activeEffect": "blueShimmer",
        "damageEffect": "energyCrackle",
        "destroyEffect": "energyBurst",
        "opacity": 0.4,
        "color": "#4287f5"
      },
      "upgrades": {
        "health": {
          "levels": [
            {
              "requirement": {
                "points": 200,
                "gems": null
              },
              "value": 150
            },
            {
              "requirement": {
                "points": 400,
                "gems": null
              },
              "value": 200
            },
            {
              "requirement": {
                "points": 800,
                "gems": 2
              },
              "value": 350,
              "description": "Premium health boost"
            }
          ]
        },
        "duration": {
          "levels": [
            {
              "requirement": {
                "points": 300,
                "gems": null
              },
              "value": 12
            },
            {
              "requirement": {
                "points": 600,
                "gems": null
              },
              "value": 15
            },
            {
              "requirement": {
                "points": 1200,
                "gems": 3
              },
              "value": 20,
              "description": "Premium duration boost"
            }
          ]
        },
        "regenerationRate": {
          "levels": [
            {
              "requirement": {
                "points": 500,
                "gems": null
              },
              "value": 2
            },
            {
              "requirement": {
                "points": 1000,
                "gems": 3
              },
              "value": 5,
              "description": "Enhanced regeneration"
            }
          ]
        }
      }
    },

    "repulsorField": {
      "name": "Repulsor Field",
      "description": "Pushes enemies away from the shield perimeter",
      "type": "pulse",
      "behavior": "push",
      "rarity": "uncommon",
      "unlockRequirement": {
        "points": 2000,
        "gems": null
      },
      "baseStats": {
        "health": 80,
        "duration": 8,
        "radius": 200,
        "regenerationRate": 0,
        "cooldown": 20,
        "deployTime": 0.3,
        "pulseRate": 0.5,
        "pushForce": 500
      },
      "visual": {
        "deployEffect": "shockwave",
        "activeEffect": "pulsingRings",
        "damageEffect": "distortionWave",
        "destroyEffect": "forceBurst",
        "opacity": 0.3,
        "color": "#f542e6"
      },
      "upgrades": {
        "pushForce": {
          "levels": [
            {
              "requirement": {
                "points": 1000,
                "gems": null
              },
              "value": 650
            },
            {
              "requirement": {
                "points": 2000,
                "gems": 5
              },
              "value": 800,
              "description": "Maximum repulsion force"
            }
          ]
        },
        "pulseRate": {
          "levels": [
            {
              "requirement": {
                "points": 1500,
                "gems": null
              },
              "value": 0.4
            },
            {
              "requirement": {
                "points": 3000,
                "gems": 4
              },
              "value": 0.3,
              "description": "Rapid pulse rate"
            }
          ]
        },
        "radius": {
          "levels": [
            {
              "requirement": {
                "points": 1200,
                "gems": null
              },
              "value": 250
            },
            {
              "requirement": {
                "points": 2400,
                "gems": 3
              },
              "value": 300,
              "description": "Maximum field radius"
            }
          ]
        }
      }
    }

    "temporalBubble": {
      "name": "Temporal Bubble",
      "description": "Creates a field that slows enemies and projectiles",
      "type": "field",
      "behavior": "slow",
      "rarity": "epic",
      "premium": true,
      "unlockRequirement": {
        "points": 5000,
        "gems": 30
      },
      "baseStats": {
        "health": 120,
        "duration": 12,
        "radius": 180,
        "regenerationRate": 0,
        "cooldown": 25,
        "deployTime": 1.0,
        "slowFactor": 0.5,
        "projectileSlowFactor": 0.3
      },
      "visual": {
        "deployEffect": "timeDistortion",
        "activeEffect": "chronoShift",
        "damageEffect": "temporalCracks",
        "destroyEffect": "timeShatter",
        "opacity": 0.5,
        "color": "#42f5d1"
      },
      "upgrades": {
        "slowFactor": {
          "levels": [
            {
              "requirement": {
                "points": 3000,
                "gems": 5
              },
              "value": 0.4
            },
            {
              "requirement": {
                "points": 6000,
                "gems": 10
              },
              "value": 0.3,
              "description": "Maximum time dilation"
            }
          ]
        },
        "projectileSlowFactor": {
          "levels": [
            {
              "requirement": {
                "points": 4000,
                "gems": 8
              },
              "value": 0.2
            },
            {
              "requirement": {
                "points": 8000,
                "gems": 15
              },
              "value": 0.1,
              "description": "Ultimate projectile slow"
            }
          ]
        },
        "radius": {
          "levels": [
            {
              "requirement": {
                "points": 5000,
                "gems": 12
              },
              "value": 220
            },
            {
              "requirement": {
                "points": 10000,
                "gems": 20
              },
              "value": 260,
              "description": "Maximum temporal field"
            }
          ]
        }
      }
    },

    "voidShield": {
      "name": "Void Shield",
      "description": "Absorbs projectiles and enemies, converting them to energy",
      "type": "absorb",
      "behavior": "consume",
      "rarity": "legendary",
      "premium": true,
      "unlockRequirement": {
        "points": 8000,
        "gems": 45
      },
      "baseStats": {
        "health": 200,
        "duration": 8,
        "radius": 120,
        "regenerationRate": 2,
        "cooldown": 30,
        "deployTime": 0.8,
        "absorptionRate": 50,
        "energyConversionRate": 0.5
      },
      "visual": {
        "deployEffect": "voidRift",
        "activeEffect": "darkMatter",
        "damageEffect": "voidFlare",
        "destroyEffect": "singularity",
        "opacity": 0.7,
        "color": "#2e0066"
      },
      "upgrades": {
        "absorptionRate": {
          "levels": [
            {
              "requirement": {
                "points": 6000,
                "gems": 15
              },
              "value": 75
            },
            {
              "requirement": {
                "points": 12000,
                "gems": 30
              },
              "value": 100,
              "description": "Maximum absorption"
            }
          ]
        },
        "energyConversionRate": {
          "levels": [
            {
              "requirement": {
                "points": 7000,
                "gems": 20
              },
              "value": 0.75
            },
            {
              "requirement": {
                "points": 14000,
                "gems": 40
              },
              "value": 1.0,
              "description": "Perfect energy conversion"
            }
          ]
        },
        "radius": {
          "levels": [
            {
              "requirement": {
                "points": 5000,
                "gems": 12
              },
              "value": 150
            },
            {
              "requirement": {
                "points": 10000,
                "gems": 25
              },
              "value": 180,
              "description": "Maximum void radius"
            }
          ]
        }
      }
    },

    "reflectionBarrier": {
      "name": "Reflection Barrier",
      "description": "Reflects enemy projectiles back at them",
      "type": "mirror",
      "behavior": "reflect",
      "rarity": "epic",
      "unlockRequirement": {
        "points": 6000,
        "gems": 35
      },
      "baseStats": {
        "health": 150,
        "duration": 6,
        "radius": 160,
        "regenerationRate": 0,
        "cooldown": 20,
        "deployTime": 0.4,
        "reflectionAngle": 180,
        "projectileSpeedMultiplier": 1.5
      },
      "visual": {
        "deployEffect": "mirrorForm",
        "activeEffect": "prismaticSheen",
        "damageEffect": "mirrorCracks",
        "destroyEffect": "glassShatter",
        "opacity": 0.6,
        "color": "#ffffff"
      },
      "upgrades": {
        "reflectionAngle": {
          "levels": [
            {
              "requirement": {
                "points": 4000,
                "gems": 10
              },
              "value": 270
            },
            {
              "requirement": {
                "points": 8000,
                "gems": 20
              },
              "value": 360,
              "description": "Omnidirectional reflection"
            }
          ]
        },
        "projectileSpeedMultiplier": {
          "levels": [
            {
              "requirement": {
                "points": 5000,
                "gems": 12
              },
              "value": 2.0
            },
            {
              "requirement": {
                "points": 10000,
                "gems": 25
              },
              "value": 2.5,
              "description": "Maximum reflection boost"
            }
          ]
        }
      }
    }


    "adaptiveShield": {
      "name": "Adaptive Shield",
      "description": "Learns from and develops resistance to enemy attacks",
      "type": "learning",
      "behavior": "adapt",
      "rarity": "legendary",
      "premium": true,
      "unlockRequirement": {
        "points": 10000,
        "gems": 50
      },
      "baseStats": {
        "health": 180,
        "duration": 15,
        "radius": 140,
        "regenerationRate": 1,
        "cooldown": 25,
        "deployTime": 0.6,
        "adaptationRate": 0.1,
        "maxResistance": 0.75,
        "resistanceDecayRate": 0.05
      },
      "visual": {
        "deployEffect": "adaptiveShimmer",
        "activeEffect": "intelligentFlow",
        "damageEffect": "adaptiveResponse",
        "destroyEffect": "systemCollapse",
        "opacity": 0.65,
        "color": "#45a7b9"
      },
      "upgrades": {
        "adaptationRate": {
          "levels": [
            {
              "requirement": {
                "points": 8000,
                "gems": 20
              },
              "value": 0.15
            },
            {
              "requirement": {
                "points": 16000,
                "gems": 40
              },
              "value": 0.2,
              "description": "Rapid adaptation"
            }
          ]
        },
        "maxResistance": {
          "levels": [
            {
              "requirement": {
                "points": 12000,
                "gems": 30
              },
              "value": 0.85
            },
            {
              "requirement": {
                "points": 24000,
                "gems": 60
              },
              "value": 0.95,
              "description": "Near-perfect resistance"
            }
          ]
        },
        "resistanceDecayRate": {
          "levels": [
            {
              "requirement": {
                "points": 10000,
                "gems": 25
              },
              "value": 0.03
            },
            {
              "requirement": {
                "points": 20000,
                "gems": 50
              },
              "value": 0.01,
              "description": "Permanent learning"
            }
          ]
        }
      }
    },

    "energySiphon": {
      "name": "Energy Siphon Shield",
      "description": "Converts blocked damage into energy for weapons and systems",
      "type": "drain",
      "behavior": "absorb",
      "rarity": "epic",
      "unlockRequirement": {
        "points": 7500,
        "gems": 40
      },
      "baseStats": {
        "health": 140,
        "duration": 10,
        "radius": 130,
        "regenerationRate": 0,
        "cooldown": 22,
        "deployTime": 0.7,
        "conversionRate": 0.3,
        "energyStorageCapacity": 100
      },
      "visual": {
        "deployEffect": "energyVortex",
        "activeEffect": "siphonStream",
        "damageEffect": "energySurge",
        "destroyEffect": "powerOverload",
        "opacity": 0.55,
        "color": "#7d1ae8"
      },
      "upgrades": {
        "conversionRate": {
          "levels": [
            {
              "requirement": {
                "points": 6000,
                "gems": 15
              },
              "value": 0.4
            },
            {
              "requirement": {
                "points": 12000,
                "gems": 30
              },
              "value": 0.5,
              "description": "Maximum conversion"
            }
          ]
        },
        "energyStorageCapacity": {
          "levels": [
            {
              "requirement": {
                "points": 5000,
                "gems": 12
              },
              "value": 150
            },
            {
              "requirement": {
                "points": 10000,
                "gems": 25
              },
              "value": 200,
              "description": "Enhanced storage"
            }
          ]
        }
      }
    },

    "phaseShield": {
      "name": "Phase Shield",
      "description": "Temporarily shifts out of phase to avoid damage",
      "type": "phase",
      "behavior": "intangible",
      "rarity": "mythic",
      "premium": true,
      "unlockRequirement": {
        "points": 12000,
        "gems": 60
      },
      "baseStats": {
        "health": 160,
        "duration": 8,
        "radius": 150,
        "regenerationRate": 0,
        "cooldown": 30,
        "deployTime": 0.3,
        "phaseDuration": 2,
        "phaseRechargeTime": 5
      },
      "visual": {
        "deployEffect": "dimensionalShift",
        "activeEffect": "phaseFlicker",
        "damageEffect": "realityRipple",
        "destroyEffect": "dimensionalCollapse",
        "opacity": 0.4,
        "color": "#00fff7"
      },
      "upgrades": {
        "phaseDuration": {
          "levels": [
            {
              "requirement": {
                "points": 10000,
                "gems": 25
              },
              "value": 3
            },
            {
              "requirement": {
                "points": 20000,
                "gems": 50
              },
              "value": 4,
              "description": "Extended phase"
            }
          ]
        },
        "phaseRechargeTime": {
          "levels": [
            {
              "requirement": {
                "points": 15000,
                "gems": 35
              },
              "value": 4
            },
            {
              "requirement": {
                "points": 30000,
                "gems": 70
              },
              "value": 3,
              "description": "Rapid phase cycling"
            }
          ]
        }
      }
    },

    "quantumShield": {
      "name": "Quantum Shield",
      "description": "Exists in multiple states simultaneously for unpredictable defense",
      "type": "quantum",
      "behavior": "multistate",
      "rarity": "mythic",
      "premium": true,
      "unlockRequirement": {
        "points": 15000,
        "gems": 75
      },
      "baseStats": {
        "health": 200,
        "duration": 12,
        "radius": 170,
        "regenerationRate": 2,
        "cooldown": 35,
        "deployTime": 1.0,
        "stateCount": 3,
        "stateCycleTime": 1.5
      },
      "visual": {
        "deployEffect": "quantumSplit",
        "activeEffect": "probabilityWave",
        "damageEffect": "stateCollapse",
        "destroyEffect": "quantumDecoherence",
        "opacity": 0.7,
        "color": "#c400ff"
      },
      "upgrades": {
        "stateCount": {
          "levels": [
            {
              "requirement": {
                "points": 20000,
                "gems": 45
              },
              "value": 4
            },
            {
              "requirement": {
                "points": 40000,
                "gems": 90
              },
              "value": 5,
              "description": "Maximum quantum states"
            }
          ]
        },
        "stateCycleTime": {
          "levels": [
            {
              "requirement": {
                "points": 18000,
                "gems": 40
              },
              "value": 1.0
            },
            {
              "requirement": {
                "points": 36000,
                "gems": 80
              },
              "value": 0.5,
              "description": "Quantum uncertainty"
            }
          ]
        }
      }
    }
  }
}
