{
  "skins": {
    "defaultMech": {
      "name": "Standard Defense Unit",
      "description": "Basic defensive platform with balanced capabilities",
      "unlockCondition": "default",
      "rarity": "common",
      "visual": {
        "baseColor": "#4287f5",
        "glowColor": "#1e5bb5",
        "particleEffect": "standardThrust",
        "deathAnimation": "standardExplosion",
        "idleAnimation": "standardHum",
        "scale": 1.0
      }
    },

    "veteranUnit": {
      "name": "Veteran Defender",
      "description": "Battle-scarred unit with visible combat experience",
      "unlockCondition": {
        "type": "enemiesDefeated",
        "requirement": 1000
      },
      "rarity": "uncommon",
      "visual": {
        "baseColor": "#8f8f8f",
        "glowColor": "#ff4444",
        "particleEffect": "battleScars",
        "deathAnimation": "veteranLastStand",
        "idleAnimation": "battleReadyStance",
        "scale": 1.0,
        "additionalEffects": {
          "damageMarks": true,
          "smokeTrail": true
        }
      }
    },

    "eliteCommander": {
      "name": "Elite Commander",
      "description": "Awarded to those who reach the highest ranks",
      "unlockCondition": {
        "type": "levelReached",
        "requirement": 50
      },
      "rarity": "rare",
      "visual": {
        "baseColor": "#ffd700",
        "glowColor": "#ff8c00",
        "particleEffect": "commandAura",
        "deathAnimation": "commanderSacrifice",
        "idleAnimation": "authorityStance",
        "scale": 1.2,
        "additionalEffects": {
          "rankInsignia": true,
          "commandAura": true
        }
      }
    },

    "speedDemon": {
      "name": "Speed Demon",
      "description": "For eliminating 100 enemies in under 60 seconds",
      "unlockCondition": {
        "type": "killStreak",
        "requirement": 100,
        "timeFrame": 60
      },
      "rarity": "rare",
      "visual": {
        "baseColor": "#ff0000",
        "glowColor": "#ff6b6b",
        "particleEffect": "speedTrails",
        "deathAnimation": "speedBurst",
        "idleAnimation": "highFrequencyVibration",
        "scale": 0.9,
        "additionalEffects": {
          "motionBlur": true,
          "afterImage": true
        }
      }
    },

    "perfectionist": {
      "name": "The Perfectionist",
      "description": "Complete 10 levels without taking damage",
      "unlockCondition": {
        "type": "perfectLevels",
        "requirement": 10
      },
      "rarity": "epic",
      "visual": {
        "baseColor": "#ffffff",
        "glowColor": "#00ffff",
        "particleEffect": "perfectionAura",
        "deathAnimation": "perfectionShatter",
        "idleAnimation": "precisionHover",
        "scale": 1.1,
        "additionalEffects": {
          "pristineShield": true,
          "geometricPatterns": true
        }
      }
    },

    "ultimateDefender": {
      "name": "Ultimate Defender",
      "description": "Complete all achievement challenges",
      "unlockCondition": {
        "type": "allAchievements",
        "requirement": true
      },
      "rarity": "mythic",
      "visual": {
        "baseColor": "#000000",
        "glowColor": "rainbow",
        "particleEffect": "ultimateAura",
        "deathAnimation": "universalCollapse",
        "idleAnimation": "omnipotentHover",
        "scale": 1.3,
        "additionalEffects": {
          "environmentalGlow": true,
          "customSoundEffects": true,
          "killEffects": true,
          "dimensionalRipple": true
        }
      }
    },

    "gemCollector": {
      "name": "Gem Collector",
      "description": "Premium skin for dedicated players",
      "unlockCondition": {
        "type": "premium",
        "requirement": {
          "gems": 100
        }
      },
      "rarity": "legendary",
      "visual": {
        "baseColor": "#4b0082",
        "glowColor": "#9400d3",
        "particleEffect": "gemSparkle",
        "deathAnimation": "gemExplosion",
        "idleAnimation": "gemRotation",
        "scale": 1.15,
        "additionalEffects": {
          "crystalFormation": true,
          "gemTrail": true,
          "prismaticAura": true
        }
      }
    }
  }
}
