{
  "weapons": {
    "basicLaser": {
      "name": "Basic Laser",
      "type": "auto",
      "projectileBehavior": "straight",
      "projectileType": "energy",
      "description": "Standard issue energy weapon with reliable performance",
      "rarity": "common",
      "unlockRequirement": {
        "points": 0,
        "gems": null
      },
      "baseStats": {
        "damage": 10,
        "rateOfFire": 1.0,
        "projectilesPerShot": 1,
        "spread": 0,
        "projectileSpeed": 500,
        "energyCost": 1,
        "range": 800
      },
      "upgrades": {
        "damage": {
          "levels": [
            {
              "requirement": {
                "points": 100,
                "gems": null
              },
              "value": 12
            },
            {
              "requirement": {
                "points": 200,
                "gems": null
              },
              "value": 15
            },
            {
              "requirement": {
                "points": 400,
                "gems": null
              },
              "value": 18
            },
            {
              "requirement": {
                "points": 800,
                "gems": 1
              },
              "value": 22,
              "description": "Premium damage boost"
            }
          ]
        },
        "rateOfFire": {
          "levels": [
            {
              "requirement": {
                "points": 150,
                "gems": null
              },
              "value": 1.2
            },
            {
              "requirement": {
                "points": 300,
                "gems": null
              },
              "value": 1.4
            },
            {
              "requirement": {
                "points": 600,
                "gems": 2
              },
              "value": 1.8,
              "description": "Premium fire rate boost"
            }
          ]
        },
        "range": {
          "levels": [
            {
              "requirement": {
                "points": 200,
                "gems": null
              },
              "value": 900
            },
            {
              "requirement": {
                "points": 400,
                "gems": null
              },
              "value": 1000
            }
          ]
        }
      }
    },

    "plasmaPulser": {
      "name": "Plasma Pulser",
      "type": "burst",
      "projectileBehavior": "straight",
      "projectileType": "plasma",
      "description": "Fires bursts of superheated plasma",
      "rarity": "uncommon",
      "unlockRequirement": {
        "points": 1000,
        "gems": null
      },
      "baseStats": {
        "damage": 15,
        "rateOfFire": 0.8,
        "projectilesPerShot": 3,
        "spread": 5,
        "projectileSpeed": 450,
        "energyCost": 2,
        "range": 600,
        "burstDelay": 0.1
      },
      "upgrades": {
        "damage": {
          "levels": [
            {
              "requirement": {
                "points": 500,
                "gems": null
              },
              "value": 18
            },
            {
              "requirement": {
                "points": 1000,
                "gems": 2
              },
              "value": 22,
              "description": "Premium damage boost"
            }
          ]
        },
        "projectilesPerShot": {
          "levels": [
            {
              "requirement": {
                "points": 800,
                "gems": null
              },
              "value": 4
            },
            {
              "requirement": {
                "points": 1600,
                "gems": 3
              },
              "value": 5,
              "description": "Maximum burst size"
            }
          ]
        },
        "spread": {
          "levels": [
            {
              "requirement": {
                "points": 600,
                "gems": null
              },
              "value": 4
            },
            {
              "requirement": {
                "points": 1200,
                "gems": null
              },
              "value": 3
            }
          ]
        }
      }
    }

    "quantumDisruptor": {
      "name": "Quantum Disruptor",
      "type": "charge",
      "projectileBehavior": "phaseShift",
      "projectileType": "quantum",
      "description": "Charged shots that phase through dimensional barriers",
      "rarity": "epic",
      "premium": true,
      "unlockRequirement": {
        "points": 5000,
        "gems": 25
      },
      "baseStats": {
        "damage": 80,
        "chargeTime": 1.5,
        "projectilesPerShot": 1,
        "projectileSpeed": 300,
        "energyCost": 5,
        "range": 700,
        "phaseDistance": 100,
        "dimensionalRift": 20
      },
      "upgrades": {
        "damage": {
          "levels": [
            {
              "requirement": {
                "points": 2000,
                "gems": 5
              },
              "value": 100
            },
            {
              "requirement": {
                "points": 4000,
                "gems": 10
              },
              "value": 125
            },
            {
              "requirement": {
                "points": 8000,
                "gems": 20
              },
              "value": 150,
              "description": "Ultimate quantum damage"
            }
          ]
        },
        "chargeTime": {
          "levels": [
            {
              "requirement": {
                "points": 3000,
                "gems": 8
              },
              "value": 1.2
            },
            {
              "requirement": {
                "points": 6000,
                "gems": 15
              },
              "value": 1.0,
              "description": "Minimum charge time"
            }
          ]
        },
        "phaseDistance": {
          "levels": [
            {
              "requirement": {
                "points": 4000,
                "gems": 10
              },
              "value": 150
            },
            {
              "requirement": {
                "points": 8000,
                "gems": 20
              },
              "value": 200,
              "description": "Maximum phase distance"
            }
          ]
        },
        "dimensionalRift": {
          "levels": [
            {
              "requirement": {
                "points": 5000,
                "gems": 12
              },
              "value": 30
            },
            {
              "requirement": {
                "points": 10000,
                "gems": 25
              },
              "value": 40,
              "description": "Ultimate rift size"
            }
          ]
        }
      }
    },

    "lightningArc": {
      "name": "Lightning Arc",
      "type": "auto",
      "projectileBehavior": "chain",
      "projectileType": "lightning",
      "description": "Electricity arcs between multiple targets",
      "rarity": "rare",
      "unlockRequirement": {
        "points": 3000,
        "gems": 15
      },
      "baseStats": {
        "damage": 25,
        "rateOfFire": 0.8,
        "chainCount": 3,
        "chainRange": 150,
        "damageDropoff": 0.7,
        "energyCost": 3,
        "range": 500,
        "stunDuration": 0.2
      },
      "upgrades": {
        "damage": {
          "levels": [
            {
              "requirement": {
                "points": 1500,
                "gems": null
              },
              "value": 30
            },
            {
              "requirement": {
                "points": 3000,
                "gems": 5
              },
              "value": 40
            }
          ]
        },
        "chainCount": {
          "levels": [
            {
              "requirement": {
                "points": 2000,
                "gems": 3
              },
              "value": 4
            },
            {
              "requirement": {
                "points": 4000,
                "gems": 8
              },
              "value": 5,
              "description": "Maximum chain count"
            }
          ]
        },
        "chainRange": {
          "levels": [
            {
              "requirement": {
                "points": 1800,
                "gems": null
              },
              "value": 180
            },
            {
              "requirement": {
                "points": 3600,
                "gems": 6
              },
              "value": 220
            }
          ]
        },
        "stunDuration": {
          "levels": [
            {
              "requirement": {
                "points": 2500,
                "gems": 4
              },
              "value": 0.3
            },
            {
              "requirement": {
                "points": 5000,
                "gems": 10
              },
              "value": 0.5,
              "description": "Maximum stun duration"
            }
          ]
        }
      }
    },

    "gravityWellGenerator": {
      "name": "Gravity Well Generator",
      "type": "field",
      "projectileBehavior": "field",
      "projectileType": "gravity",
      "description": "Creates gravity fields that pull and crush enemies",
      "rarity": "epic",
      "premium": true,
      "unlockRequirement": {
        "points": 6000,
        "gems": 30
      },
      "baseStats": {
        "damage": 15,
        "rateOfFire": 0.3,
        "fieldRadius": 100,
        "fieldDuration": 4,
        "pullForce": 200,
        "crushDamage": 10,
        "energyCost": 8,
        "deployTime": 0.5
      },
      "upgrades": {
        "fieldRadius": {
          "levels": [
            {
              "requirement": {
                "points": 3000,
                "gems": 5
              },
              "value": 120
            },
            {
              "requirement": {
                "points": 6000,
                "gems": 12
              },
              "value": 150
            }
          ]
        },
        "pullForce": {
          "levels": [
            {
              "requirement": {
                "points": 4000,
                "gems": 8
              },
              "value": 250
            },
            {
              "requirement": {
                "points": 8000,
                "gems": 18
              },
              "value": 300,
              "description": "Maximum pull force"
            }
          ]
        },
        "crushDamage": {
          "levels": [
            {
              "requirement": {
                "points": 5000,
                "gems": 10
              },
              "value": 15
            },
            {
              "requirement": {
                "points": 10000,
                "gems": 20
              },
              "value": 25,
              "description": "Ultimate crush damage"
            }
          ]
        }
      }
    }

    "timeDilationBeam": {
      "name": "Time Dilation Beam",
      "type": "beam",
      "projectileBehavior": "continuous",
      "projectileType": "temporal",
      "description": "Continuous beam that slows enemies and deals damage over time",
      "rarity": "legendary",
      "premium": true,
      "unlockRequirement": {
        "points": 8000,
        "gems": 40
      },
      "baseStats": {
        "damage": 30,
        "timeSlowFactor": 0.5,
        "beamWidth": 10,
        "range": 400,
        "energyDrainRate": 5,
        "damageTickRate": 0.1,
        "slowDuration": 1
      },
      "upgrades": {
        "damage": {
          "levels": [
            {
              "requirement": {
                "points": 4000,
                "gems": 10
              },
              "value": 40
            },
            {
              "requirement": {
                "points": 8000,
                "gems": 20
              },
              "value": 55,
              "description": "Maximum temporal damage"
            }
          ]
        },
        "timeSlowFactor": {
          "levels": [
            {
              "requirement": {
                "points": 5000,
                "gems": 15
              },
              "value": 0.4
            },
            {
              "requirement": {
                "points": 10000,
                "gems": 30
              },
              "value": 0.3,
              "description": "Maximum time dilation"
            }
          ]
        },
        "beamWidth": {
          "levels": [
            {
              "requirement": {
                "points": 3000,
                "gems": 8
              },
              "value": 15
            },
            {
              "requirement": {
                "points": 6000,
                "gems": 16
              },
              "value": 20
            }
          ]
        },
        "slowDuration": {
          "levels": [
            {
              "requirement": {
                "points": 6000,
                "gems": 12
              },
              "value": 1.5
            },
            {
              "requirement": {
                "points": 12000,
                "gems": 25
              },
              "value": 2.0,
              "description": "Extended temporal effect"
            }
          ]
        }
      }
    },

    "droneCommander": {
      "name": "Drone Commander",
      "type": "summon",
      "projectileBehavior": "autonomous",
      "projectileType": "drone",
      "description": "Deploys combat drones that attack independently",
      "rarity": "epic",
      "unlockRequirement": {
        "points": 7000,
        "gems": 35
      },
      "baseStats": {
        "droneDamage": 15,
        "maxDrones": 3,
        "droneLifetime": 10,
        "droneSpeed": 200,
        "droneHealth": 50,
        "rechargeTime": 3,
        "energyCost": 6
      },
      "upgrades": {
        "droneDamage": {
          "levels": [
            {
              "requirement": {
                "points": 3000,
                "gems": 8
              },
              "value": 20
            },
            {
              "requirement": {
                "points": 6000,
                "gems": 15
              },
              "value": 30
            }
          ]
        },
        "maxDrones": {
          "levels": [
            {
              "requirement": {
                "points": 5000,
                "gems": 12
              },
              "value": 4
            },
            {
              "requirement": {
                "points": 10000,
                "gems": 25
              },
              "value": 5,
              "description": "Maximum drone swarm"
            }
          ]
        },
        "droneLifetime": {
          "levels": [
            {
              "requirement": {
                "points": 4000,
                "gems": 10
              },
              "value": 15
            },
            {
              "requirement": {
                "points": 8000,
                "gems": 20
              },
              "value": 20
            }
          ]
        },
        "droneHealth": {
          "levels": [
            {
              "requirement": {
                "points": 3500,
                "gems": 8
              },
              "value": 75
            },
            {
              "requirement": {
                "points": 7000,
                "gems": 18
              },
              "value": 100,
              "description": "Reinforced drones"
            }
          ]
        }
      }
    },

    "orbitalStrike": {
      "name": "Orbital Strike Designator",
      "type": "targeted",
      "projectileBehavior": "orbital",
      "projectileType": "plasma",
      "description": "Calls down devastating orbital strikes",
      "rarity": "mythic",
      "premium": true,
      "unlockRequirement": {
        "points": 10000,
        "gems": 50
      },
      "baseStats": {
        "damage": 200,
        "strikeDelay": 2,
        "impactRadius": 100,
        "maxCharges": 3,
        "rechargeTime": 15,
        "energyCost": 10,
        "targetingTime": 1
      },
      "upgrades": {
        "damage": {
          "levels": [
            {
              "requirement": {
                "points": 8000,
                "gems": 20
              },
              "value": 250
            },
            {
              "requirement": {
                "points": 16000,
                "gems": 40
              },
              "value": 300,
              "description": "Maximum orbital damage"
            }
          ]
        },
        "impactRadius": {
          "levels": [
            {
              "requirement": {
                "points": 6000,
                "gems": 15
              },
              "value": 120
            },
            {
              "requirement": {
                "points": 12000,
                "gems": 30
              },
              "value": 150,
              "description": "Maximum impact zone"
            }
          ]
        },
        "maxCharges": {
          "levels": [
            {
              "requirement": {
                "points": 10000,
                "gems": 25
              },
              "value": 4
            },
            {
              "requirement": {
                "points": 20000,
                "gems": 50
              },
              "value": 5,
              "description": "Maximum strike capacity"
            }
          ]
        },
        "rechargeTime": {
          "levels": [
            {
              "requirement": {
                "points": 7000,
                "gems": 18
              },
              "value": 12
            },
            {
              "requirement": {
                "points": 14000,
                "gems": 35
              },
              "value": 10,
              "description": "Minimum recharge time"
            }
          ]
        }
      }
    }
  }
}
